<xml xmlns:o="urn:schemas-microsoft-com:office:office">
 <o:MainFile HRef="../SimprosysTutorial.htm"/>
 <o:File HRef="image001.png"/>
 <o:File HRef="image002.jpg"/>
 <o:File HRef="image003.png"/>
 <o:File HRef="image004.jpg"/>
 <o:File HRef="image005.png"/>
 <o:File HRef="image006.jpg"/>
 <o:File HRef="image007.png"/>
 <o:File HRef="image008.jpg"/>
 <o:File HRef="image009.png"/>
 <o:File HRef="image010.jpg"/>
 <o:File HRef="image011.png"/>
 <o:File HRef="image012.jpg"/>
 <o:File HRef="image013.png"/>
 <o:File HRef="image014.jpg"/>
 <o:File HRef="image015.png"/>
 <o:File HRef="image016.jpg"/>
 <o:File HRef="image017.png"/>
 <o:File HRef="image018.jpg"/>
 <o:File HRef="oledata.mso"/>
 <o:File HRef="image019.png"/>
 <o:File HRef="image020.jpg"/>
 <o:File HRef="image021.png"/>
 <o:File HRef="image022.jpg"/>
 <o:File HRef="image023.png"/>
 <o:File HRef="image024.jpg"/>
 <o:File HRef="image025.png"/>
 <o:File HRef="image026.jpg"/>
 <o:File HRef="image027.png"/>
 <o:File HRef="image028.jpg"/>
 <o:File HRef="image029.png"/>
 <o:File HRef="image030.jpg"/>
 <o:File HRef="image031.png"/>
 <o:File HRef="image032.jpg"/>
 <o:File HRef="image033.png"/>
 <o:File HRef="image034.jpg"/>
 <o:File HRef="image035.png"/>
 <o:File HRef="image036.jpg"/>
 <o:File HRef="image037.png"/>
 <o:File HRef="image038.jpg"/>
 <o:File HRef="image039.png"/>
 <o:File HRef="image040.jpg"/>
 <o:File HRef="image041.png"/>
 <o:File HRef="image042.jpg"/>
 <o:File HRef="image043.png"/>
 <o:File HRef="image044.jpg"/>
 <o:File HRef="image045.png"/>
 <o:File HRef="image046.jpg"/>
 <o:File HRef="image047.png"/>
 <o:File HRef="image048.jpg"/>
 <o:File HRef="image049.png"/>
 <o:File HRef="image050.jpg"/>
 <o:File HRef="image051.png"/>
 <o:File HRef="image052.jpg"/>
 <o:File HRef="image053.png"/>
 <o:File HRef="image054.jpg"/>
 <o:File HRef="image055.png"/>
 <o:File HRef="image056.jpg"/>
 <o:File HRef="image057.png"/>
 <o:File HRef="image058.jpg"/>
 <o:File HRef="filelist.xml"/>
</xml>