<xml xmlns:o="urn:schemas-microsoft-com:office:office">
 <o:MainFile HRef="../SimprosysUserManual.htm"/>
 <o:File HRef="image001.wmz"/>
 <o:File HRef="image002.gif"/>
 <o:File HRef="oledata.mso"/>
 <o:File HRef="image003.wmz"/>
 <o:File HRef="image004.gif"/>
 <o:File HRef="image005.wmz"/>
 <o:File HRef="image006.gif"/>
 <o:File HRef="image007.wmz"/>
 <o:File HRef="image008.gif"/>
 <o:File HRef="image009.wmz"/>
 <o:File HRef="image010.gif"/>
 <o:File HRef="image011.wmz"/>
 <o:File HRef="image012.gif"/>
 <o:File HRef="image013.png"/>
 <o:File HRef="image014.jpg"/>
 <o:File HRef="image015.png"/>
 <o:File HRef="image016.jpg"/>
 <o:File HRef="image017.png"/>
 <o:File HRef="image018.jpg"/>
 <o:File HRef="image019.png"/>
 <o:File HRef="image020.jpg"/>
 <o:File HRef="image021.png"/>
 <o:File HRef="image022.jpg"/>
 <o:File HRef="image023.png"/>
 <o:File HRef="image024.jpg"/>
 <o:File HRef="image025.png"/>
 <o:File HRef="image026.jpg"/>
 <o:File HRef="image027.png"/>
 <o:File HRef="image028.jpg"/>
 <o:File HRef="image029.png"/>
 <o:File HRef="image030.jpg"/>
 <o:File HRef="image031.png"/>
 <o:File HRef="image032.jpg"/>
 <o:File HRef="image033.png"/>
 <o:File HRef="image034.jpg"/>
 <o:File HRef="image035.png"/>
 <o:File HRef="image036.jpg"/>
 <o:File HRef="image037.png"/>
 <o:File HRef="image038.jpg"/>
 <o:File HRef="image039.png"/>
 <o:File HRef="image040.jpg"/>
 <o:File HRef="image041.png"/>
 <o:File HRef="image042.jpg"/>
 <o:File HRef="image043.png"/>
 <o:File HRef="image044.jpg"/>
 <o:File HRef="image045.png"/>
 <o:File HRef="image046.jpg"/>
 <o:File HRef="image047.png"/>
 <o:File HRef="image048.jpg"/>
 <o:File HRef="image049.png"/>
 <o:File HRef="image050.jpg"/>
 <o:File HRef="image051.png"/>
 <o:File HRef="image052.jpg"/>
 <o:File HRef="image053.png"/>
 <o:File HRef="image054.jpg"/>
 <o:File HRef="image055.png"/>
 <o:File HRef="image056.jpg"/>
 <o:File HRef="image057.png"/>
 <o:File HRef="image058.jpg"/>
 <o:File HRef="image059.png"/>
 <o:File HRef="image060.jpg"/>
 <o:File HRef="image061.png"/>
 <o:File HRef="image062.jpg"/>
 <o:File HRef="image063.png"/>
 <o:File HRef="image064.jpg"/>
 <o:File HRef="image065.png"/>
 <o:File HRef="image066.jpg"/>
 <o:File HRef="image067.png"/>
 <o:File HRef="image068.jpg"/>
 <o:File HRef="image069.png"/>
 <o:File HRef="image070.jpg"/>
 <o:File HRef="image071.png"/>
 <o:File HRef="image072.jpg"/>
 <o:File HRef="image073.png"/>
 <o:File HRef="image074.jpg"/>
 <o:File HRef="image075.png"/>
 <o:File HRef="image076.jpg"/>
 <o:File HRef="image077.png"/>
 <o:File HRef="image078.jpg"/>
 <o:File HRef="image079.png"/>
 <o:File HRef="image080.jpg"/>
 <o:File HRef="image081.png"/>
 <o:File HRef="image082.jpg"/>
 <o:File HRef="image083.png"/>
 <o:File HRef="image084.jpg"/>
 <o:File HRef="image085.png"/>
 <o:File HRef="image086.jpg"/>
 <o:File HRef="image087.png"/>
 <o:File HRef="image088.jpg"/>
 <o:File HRef="image089.png"/>
 <o:File HRef="image090.jpg"/>
 <o:File HRef="image091.png"/>
 <o:File HRef="image092.jpg"/>
 <o:File HRef="image093.png"/>
 <o:File HRef="image094.jpg"/>
 <o:File HRef="image095.png"/>
 <o:File HRef="image096.jpg"/>
 <o:File HRef="image097.png"/>
 <o:File HRef="image098.jpg"/>
 <o:File HRef="image099.png"/>
 <o:File HRef="image100.jpg"/>
 <o:File HRef="image101.png"/>
 <o:File HRef="image102.jpg"/>
 <o:File HRef="image103.png"/>
 <o:File HRef="image104.jpg"/>
 <o:File HRef="image105.png"/>
 <o:File HRef="image106.jpg"/>
 <o:File HRef="image107.png"/>
 <o:File HRef="image108.jpg"/>
 <o:File HRef="image109.png"/>
 <o:File HRef="image110.jpg"/>
 <o:File HRef="image111.png"/>
 <o:File HRef="image112.jpg"/>
 <o:File HRef="image113.png"/>
 <o:File HRef="image114.jpg"/>
 <o:File HRef="image115.png"/>
 <o:File HRef="image116.jpg"/>
 <o:File HRef="image117.png"/>
 <o:File HRef="image118.jpg"/>
 <o:File HRef="image119.png"/>
 <o:File HRef="image120.jpg"/>
 <o:File HRef="image121.png"/>
 <o:File HRef="image122.jpg"/>
 <o:File HRef="filelist.xml"/>
</xml>